hidden_size,batch_size,optimizer,learning_rate,weight_decay,init_range_start,init_range_end,testing_loss_prob,testing_loss_durr,testing_accuracy,number
512,1,Adam,0.01,10,0,1,5.111557854188455,136.27567567567567,0.04864864864864865,324
512,1,SGD,1e-05,1,-0.5,0.5,3.7108561109852145,23.033778512863933,0.032432432432432434,295
512,1,Adam,0.0001,1,-1,1,3.5008535919962704,19.782186949855927,0.0,344
1024,1,Adam,0.01,0,0,1,3.8009462810851433,273.05945945945945,0.05405405405405406,435
1024,1,SGD,0.01,0,0,1,4.8677684964360415,198.92972972972973,0.005405405405405406,375
1024,1,SGD,0.0001,1,-0.5,0.5,3.8089644029333787,53.95840512755755,0.02702702702702703,403
128,1,SGD,0.0001,10,-0.5,0.5,3.6451556573043,43.67920692639356,0.0,46
1024,1,SGD,0.001,0.1,-1,1,4.736127799588281,56.414687366743344,0.1891891891891892,389
2048,1,SGD,0.01,10,-0.5,0.5,3.776389822122213,226.33513513513515,0.016216216216216217,502
256,1,SGD,0.0001,0,-0.5,0.5,3.542035327408765,49.49177682020047,0.032432432432432434,157
512,1,Adam,0.1,0.1,-0.5,0.5,3.4817481108613917,19.611068900181234,0.021621621621621623,304
256,1,Adam,0.1,1,-1,1,3.863729856143127,31.648182682328578,0.043243243243243246,188
1024,1,SGD,0.0001,0.1,0,1,3.199231058842427,71.17297297297297,0.0,402
256,1,Adam,0.01,0.1,-0.5,0.5,3.632236096987853,33.518780327084905,0.07027027027027027,196
1024,1,Adam,0.001,1,-1,1,4.938332468432349,46.15316199225349,0.005405405405405406,452
256,1,Adam,0.0001,0.1,0,1,3.47842370239464,268.1189189189189,0.05945945945945946,222
512,1,Adam,0.01,1,-1,1,3.3209886847315606,17.477934595660585,0.005405405405405406,320
512,1,Adam,0.01,0,-0.5,0.5,3.6995194151594832,18.534342671457576,0.15135135135135136,313
512,1,Adam,0.0001,0.1,0,1,4.607228740163752,330.4756756756757,0.005405405405405406,342
1024,1,Adam,0.01,0,-1,1,3.4439846264349447,47.124267167406714,0.02702702702702703,434
1024,1,SGD,0.01,1,-1,1,3.1793382999059316,135.9515839956902,0.005405405405405406,380
2048,1,SGD,0.1,0.1,-1,1,3.8237604908041054,112.42162162162163,0.016216216216216217,485
256,1,SGD,0.1,0.1,-1,1,3.447699894131841,35.84008780387293,0.016216216216216217,125
128,1,Adam,1e-05,0,0,1,3.228955066204071,50.502702702702706,0.0,111
2048,1,SGD,0.01,10,-1,1,5.386687276814435,256.22162162162164,0.032432432432432434,503
128,1,Adam,0.001,0,-1,1,2.485358916424416,47.95713110922433,0.7081081081081081,86
2048,1,SGD,0.01,0,-0.5,0.5,3.3701697439760774,224.94594594594594,0.005405405405405406,493
512,1,Adam,0.01,10,-1,1,3.2172591873117393,195.24574653731943,0.05945945945945946,323
128,1,Adam,0.0001,0,0,1,3.9872343449979213,231.41667079925537,0.0,99
1024,1,Adam,0.0001,0.1,0,1,3.6848559560002507,41.8,0.06486486486486487,462
128,1,SGD,0.0001,10,0,1,3.483048324971586,69.18378378378378,0.0,48
256,1,SGD,0.001,10,-1,1,3.6472773571272152,24.739958854050162,0.03783783783783784,155
512,1,SGD,0.001,1,-0.5,0.5,5.3712704597292715,21.06735654033318,0.005405405405405406,271
256,1,SGD,1e-05,10,-0.5,0.5,3.8878755769214113,48.05152443175777,0.07567567567567568,178
512,1,SGD,0.01,10,-1,1,5.3355467190613615,189.49869249000471,0.005405405405405406,263
1024,1,Adam,0.1,0.1,-1,1,4.709856886154896,132.28863752178245,0.005405405405405406,425
256,1,Adam,1e-05,0.1,-0.5,0.5,5.19595666833826,28.80972997776258,0.10270270270270271,232
512,1,Adam,0.001,1,-1,1,5.084626873763832,18.247059705730123,0.005405405405405406,332
1024,1,Adam,0.0001,10,0,1,3.0576669348252787,57.68108108108108,0.0,468
256,1,Adam,0.01,10,-0.5,0.5,3.8192939796963254,35.54522135903323,0.04864864864864865,202
256,1,SGD,0.0001,10,-0.5,0.5,3.5143972119769535,36.50556417032298,0.0,166
256,1,SGD,0.1,1,-0.5,0.5,3.7787571153125246,26.530954129002183,0.0,127
1024,1,SGD,0.01,0,-0.5,0.5,2.7018090615401396,63.04864864864865,0.9891891891891892,373
128,1,Adam,0.01,0,-0.5,0.5,3.432792127454603,141.8052056499442,0.08648648648648649,73
256,1,SGD,0.1,0,-0.5,0.5,3.769096615507796,46.108352683593104,0.8810810810810811,121
512,1,Adam,1e-05,0.1,-1,1,3.82244681925387,18.33605801893046,0.15675675675675677,353
1024,1,SGD,0.001,1,-0.5,0.5,4.1850043683438685,42.37837837837838,0.0,391
128,1,SGD,0.0001,0,-0.5,0.5,5.167224635626819,131.74641726140587,0.043243243243243246,37
128,1,Adam,0.001,10,0,1,3.4613113422651547,230.84864864864866,0.08108108108108109,96
512,1,Adam,0.01,0.1,0,1,5.599973110894899,77.15675675675676,0.05405405405405406,318
1024,1,SGD,1e-05,0.1,-1,1,3.479420328462446,59.52208023200164,0.07027027027027027,413
256,1,SGD,0.0001,0,0,1,3.7826664370459477,224.32972972972973,0.0,159
128,1,Adam,0.01,0,0,1,4.030442191459037,49.7027027027027,0.043243243243243246,75
1024,1,Adam,0.001,10,0,1,3.8660402046667564,103.75675675675676,0.010810810810810811,456
128,1,Adam,1e-05,1,0,1,5.301895377120456,192.85658707650933,0.005405405405405406,117
256,1,Adam,0.1,0.1,0,1,3.6556834017908253,257.76216216216216,0.021621621621621623,186
128,1,Adam,0.1,10,0,1,3.1995109819077157,44.64080496736475,0.07027027027027027,72
128,1,SGD,0.001,10,-1,1,3.483156902725632,114.87602147369117,0.05405405405405406,35
256,1,Adam,0.0001,0,-1,1,4.24170641286953,26.105886112318398,0.6216216216216216,218
256,1,Adam,0.001,1,0,1,3.743467251674549,276.1837837837838,0.0,213
1024,1,Adam,0.0001,1,0,1,3.569272806837752,98.2,0.05945945945945946,465
1024,1,Adam,1e-05,0.1,-0.5,0.5,4.6232901502299955,48.611471409411045,0.22702702702702704,472
512,1,SGD,0.001,1,0,1,3.8301909111641548,40.924324324324324,0.0,273
512,1,Adam,0.0001,0.1,-0.5,0.5,3.5825249111330186,17.26077877401475,0.07027027027027027,340
128,1,Adam,1e-05,10,0,1,3.6582388172278533,297.0108108108108,0.016216216216216217,120
256,1,Adam,0.1,1,0,1,4.022539757393502,225.43243243243242,0.03783783783783784,189
256,1,Adam,0.01,10,0,1,3.4844499240050446,39.648648648648646,0.010810810810810811,204
128,1,SGD,0.01,1,0,1,3.2177093699171735,135.96987645690507,0.010810810810810811,21
128,1,SGD,0.001,1,-1,1,4.223862860653852,69.74846322409607,0.0,32
512,1,Adam,0.001,1,-0.5,0.5,3.4380472647177207,21.383892898202397,0.032432432432432434,331
512,1,Adam,0.1,10,-1,1,4.054305253157745,16.29119112167155,0.11891891891891893,311
1024,1,Adam,0.0001,0,0,1,4.949139669456997,54.21621621621622,0.005405405405405406,459
256,1,Adam,0.001,0.1,-0.5,0.5,4.03478743772249,25.495152358148196,0.02702702702702703,208
1024,1,Adam,1e-05,0.1,-1,1,4.468994068455052,113.21621621621621,0.2,473
256,1,Adam,0.001,1,-1,1,3.2576855856019096,41.34681208605903,0.0,212
128,1,SGD,0.0001,0,-1,1,3.276737662908193,42.15145936297454,0.04864864864864865,38
128,1,SGD,0.1,1,-1,1,4.22927473783493,53.73214560530677,0.07027027027027027,8
128,1,Adam,0.1,0,-0.5,0.5,4.906350066210773,103.27376239368701,0.032432432432432434,61
1024,1,SGD,0.1,0,0,1,3.1128436616949133,48.82702702702703,0.0,363
512,1,SGD,0.001,0.1,-1,1,3.596153138457118,191.2498876386536,0.14054054054054055,269
512,1,SGD,0.001,0,0,1,3.8273272569115098,157.56756756756758,0.0,267
1024,1,Adam,0.0001,1,-0.5,0.5,3.588701052279086,50.350685078388935,0.05405405405405406,463
512,1,Adam,0.0001,0.1,-1,1,3.3884481491269294,13.204626644216162,0.07027027027027027,341
1024,1,SGD,1e-05,0.1,-0.5,0.5,3.6907235200340685,51.38425902324553,0.05405405405405406,412
512,1,Adam,0.1,1,-1,1,4.37485700652406,20.07942455786491,0.13513513513513514,308
256,1,Adam,0.001,10,-1,1,3.6902488218771445,27.08857133396574,0.010810810810810811,215
256,1,Adam,0.01,1,0,1,3.496024853474385,340.6054054054054,0.0,201
512,1,Adam,1e-05,0.1,0,1,3.3012872808688396,64.3945945945946,0.0,354
1024,1,SGD,0.01,1,0,1,3.280216191266034,123.42162162162163,0.010810810810810811,381
256,1,Adam,0.0001,10,0,1,3.735798799025046,218.3945945945946,0.0,228
128,1,Adam,0.1,10,-0.5,0.5,5.208569240247881,38.373214791433234,0.010810810810810811,70
128,1,SGD,0.1,1,-0.5,0.5,3.4221450029192746,153.87997947447002,0.010810810810810811,7
512,1,Adam,0.001,10,-0.5,0.5,4.536386693168331,21.375673427174775,0.005405405405405406,334
1024,1,Adam,0.0001,10,-0.5,0.5,3.7463822000735516,64.62647590991612,0.005405405405405406,466
1024,1,SGD,0.1,0.1,-1,1,3.979095123909615,53.14749599147488,0.08108108108108109,365
256,1,Adam,0.01,0,-0.5,0.5,3.8491000365566563,24.39069365410581,0.05405405405405406,193
1024,1,SGD,0.001,0,0,1,3.588750816358102,279.9891891891892,0.0,387
1024,1,Adam,0.1,0,-1,1,4.8259398186529,223.71168345567344,0.17297297297297298,422
1024,1,Adam,0.0001,10,-1,1,3.903371388525576,113.27618329976056,0.005405405405405406,467
1024,1,SGD,0.1,1,-1,1,3.680885189288371,70.45945945945945,0.05405405405405406,368
128,1,Adam,1e-05,0,-0.5,0.5,3.5131839082047747,114.91365565594232,0.005405405405405406,109
1024,1,SGD,1e-05,1,0,1,3.319013211856017,42.891891891891895,0.0,417
2048,1,SGD,0.01,1,-0.5,0.5,3.8273143401017062,46.63243243243243,0.0,499
128,1,Adam,1e-05,0,-1,1,3.9856545006906665,96.97931709589588,0.08108108108108109,110
128,1,Adam,0.001,1,-0.5,0.5,3.7061735507604237,45.20665607723373,0.0,91
512,1,SGD,0.1,1,0,1,3.9492644732062883,99.75675675675676,0.016216216216216217,249
512,1,SGD,0.0001,0.1,0,1,3.473638880252838,48.20540540540541,0.0,282
512,1,SGD,0.1,0.1,-1,1,3.2394009793126903,15.349284887637765,0.010810810810810811,245
128,1,SGD,0.01,10,0,1,3.7891386489610412,21.053771864401327,0.010810810810810811,24
1024,1,SGD,0.001,0,-0.5,0.5,2.9314704179763793,38.97565661475465,0.6216216216216216,385
256,1,SGD,0.01,10,-1,1,5.365325717668275,26.255936642485814,0.07027027027027027,143
256,1,SGD,0.01,10,0,1,4.791770419236776,140.75675675675674,0.010810810810810811,144
2048,1,SGD,0.01,0.1,-1,1,3.9027167465235735,227.6810810810811,0.2594594594594595,497
512,1,Adam,0.0001,0,0,1,3.90136606789924,244.48648648648648,0.0,339
512,1,Adam,0.01,0.1,-0.5,0.5,3.1776097478093326,23.393818892921146,0.10270270270270271,316
512,1,SGD,0.001,10,-0.5,0.5,4.872175029806189,16.65562772655205,0.005405405405405406,274
128,1,Adam,0.0001,1,-0.5,0.5,3.757465043583432,128.15200748437437,0.05405405405405406,103
512,1,SGD,0.1,0,-1,1,2.67255397616206,17.055410860388264,0.6486486486486487,242
1024,1,Adam,1e-05,0,-1,1,2.529131401229549,88.97448065474227,0.7027027027027027,470
128,1,Adam,0.001,10,-0.5,0.5,5.1100206806853015,56.240081110296494,0.005405405405405406,94
128,1,SGD,0.001,0,-0.5,0.5,3.2981823070629224,35.32885692803035,0.04864864864864865,25
512,1,SGD,0.001,1,-1,1,3.318293511545336,23.28301630294976,0.0,272
128,1,SGD,0.01,0,-0.5,0.5,3.904267307874319,32.76631725778429,0.3081081081081081,13
128,1,SGD,0.001,0.1,-1,1,3.8913863771670574,36.43814950308989,0.032432432432432434,29
128,1,Adam,1e-05,10,-1,1,5.273715116848817,31.424664092933558,0.010810810810810811,119
128,1,SGD,0.0001,1,-1,1,3.403626059197091,93.90757570747866,0.0,44
128,1,SGD,0.0001,1,0,1,4.3840861971313885,325.8744898248363,0.0,45
128,1,Adam,0.1,0,-1,1,5.349636958740853,76.51420731087391,0.032432432432432434,62
256,1,Adam,0.0001,0,0,1,3.8854826901410076,272.2162162162162,0.0,219
256,1,SGD,0.01,0,0,1,3.678057667371389,48.637837837837836,0.0,135
128,1,Adam,0.01,0.1,-0.5,0.5,5.084900650462589,97.17627851387888,0.032432432432432434,76
256,1,SGD,0.01,0.1,0,1,3.550220157649066,309.65405405405403,0.0,138
512,1,Adam,0.001,10,-1,1,4.834055648623286,15.605458737009384,0.010810810810810811,335
512,1,Adam,1e-05,0,-0.5,0.5,3.4243116949055645,23.67803553346217,0.3081081081081081,349
1024,1,SGD,0.1,10,0,1,5.2172165142523275,107.07027027027027,0.005405405405405406,372
1024,1,SGD,0.001,1,0,1,3.8272281282656904,107.18378378378378,0.0,393
256,1,SGD,0.01,0,-1,1,3.456293243330878,22.964149132532672,0.7405405405405405,134
128,1,Adam,0.0001,0.1,-1,1,4.320192528415371,106.60348428332725,0.07567567567567568,101
256,1,Adam,0.01,0.1,-1,1,3.4194859694790196,20.604923664335463,0.016216216216216217,197
512,1,SGD,0.1,10,0,1,3.909004085772746,51.043243243243246,0.08108108108108109,252
128,1,SGD,0.01,0,0,1,3.548790633356249,60.935135135135134,0.0,15
1024,1,Adam,0.01,0.1,-1,1,3.4030765533447265,114.40633481128796,0.005405405405405406,437
1024,1,Adam,0.1,0.1,0,1,3.6941863014891343,271.5189189189189,0.016216216216216217,426
256,1,Adam,1e-05,0,0,1,3.4132576423722343,44.037837837837834,0.04864864864864865,231
1024,1,SGD,0.01,1,-0.5,0.5,3.395394708981385,48.683504105580816,0.0,379
1024,1,SGD,0.0001,1,0,1,3.3026381035108825,267.13513513513516,0.0,405
512,1,SGD,0.0001,0.1,-0.5,0.5,3.5289134927698083,24.050637658132946,0.08108108108108109,280
512,1,Adam,0.01,1,0,1,3.8044193209828556,372.15675675675675,0.05945945945945946,321
1024,1,Adam,0.01,1,-0.5,0.5,5.115194052618903,154.9035555452914,0.010810810810810811,439
1024,1,Adam,0.1,0.1,-0.5,0.5,5.0892674616865206,68.27935411607896,0.021621621621621623,424
512,1,SGD,0.0001,10,-1,1,3.702113054894112,14.703823135520027,0.0,287
1024,1,SGD,0.001,10,-1,1,3.953339407250688,54.85030339138482,0.010810810810810811,395
1024,1,SGD,0.0001,1,-1,1,3.391665341403033,64.7207502829062,0.032432432432432434,404
1024,1,SGD,0.1,1,-0.5,0.5,3.4928618215225837,137.9552534721993,0.005405405405405406,367
512,1,SGD,0.0001,0,-1,1,3.7602522208883955,192.70393075775394,0.0918918918918919,278
256,1,SGD,0.001,0.1,-1,1,3.346973172716192,48.67666202460587,0.03783783783783784,149
128,1,SGD,0.1,0.1,-1,1,3.537338665047207,61.12296499323392,0.010810810810810811,5
256,1,Adam,0.01,0,0,1,3.6799722529746393,42.972972972972975,0.11351351351351352,195
512,1,SGD,0.1,0.1,-0.5,0.5,3.8606206214105763,17.153100579136957,0.0,244
256,1,SGD,1e-05,0,-0.5,0.5,3.082636007747135,28.865440056057697,0.032432432432432434,169
2048,1,SGD,0.1,0,-1,1,2.5987574113381875,243.07027027027027,0.032432432432432434,482
1024,1,SGD,1e-05,10,-1,1,3.5767588873167298,54.17356744714685,0.021621621621621623,419
512,1,Adam,0.1,0.1,-1,1,4.21196294249715,15.117631111784549,0.005405405405405406,305
1024,1,SGD,0.1,0.1,0,1,3.5787212874438312,229.2216216216216,0.07567567567567568,366
128,1,SGD,1e-05,10,-1,1,3.776482186768506,85.50549373656662,0.04864864864864865,59
256,1,SGD,0.1,10,-0.5,0.5,3.022396943375871,29.183851407490973,0.06486486486486487,130
256,1,SGD,0.0001,1,-1,1,3.3597732373186058,25.50144762541356,0.021621621621621623,164
128,1,Adam,0.01,10,-1,1,4.8981398550239765,134.51034076245048,0.016216216216216217,83
512,1,Adam,0.01,0,0,1,4.626596991113714,266.6972972972973,0.043243243243243246,315
128,1,SGD,0.01,1,-1,1,3.1967520033991015,43.152744631894635,0.005405405405405406,20
256,1,Adam,0.1,1,-0.5,0.5,3.319947752437076,38.601007490859345,0.04864864864864865,187
512,1,SGD,0.1,0,-0.5,0.5,2.8138555968129957,14.21480383814086,0.43243243243243246,241
256,1,SGD,0.0001,1,-0.5,0.5,3.4763091013238236,49.45646865225422,0.03783783783783784,163
256,1,Adam,0.1,10,-0.5,0.5,5.1878805759790785,20.941383494178886,0.021621621621621623,190
256,1,SGD,1e-05,1,-0.5,0.5,3.707925851280625,27.346157853061182,0.02702702702702703,175
128,1,Adam,1e-05,0.1,0,1,5.1514770301612645,216.21621621621622,0.005405405405405406,114
512,1,Adam,1e-05,1,-0.5,0.5,3.6990926639453785,16.57360162932577,0.016216216216216217,355
512,1,SGD,1e-05,0.1,-0.5,0.5,3.6563169965872895,22.301965980446855,0.05945945945945946,292
256,1,Adam,0.001,10,0,1,4.010538077032244,183.82702702702701,0.010810810810810811,216
1024,1,SGD,0.001,0.1,0,1,3.805427733949713,224.91351351351352,0.0,390
128,1,SGD,0.1,1,0,1,3.848220284565075,46.04491359929781,0.010810810810810811,9
128,1,Adam,1e-05,1,-1,1,3.538057225459331,46.56297941077721,0.010810810810810811,116
1024,1,Adam,0.1,0,0,1,3.6942180849410393,70.19459459459459,0.05945945945945946,423
128,1,SGD,1e-05,10,-0.5,0.5,3.6466712925885174,46.15685753187517,0.016216216216216217,58
512,1,Adam,0.0001,1,0,1,4.0349179686726755,199.5027027027027,0.021621621621621623,345
2048,1,SGD,0.01,0,-1,1,3.543655698041658,37.42162162162162,0.005405405405405406,494
512,1,SGD,1e-05,10,0,1,5.288573078851442,96.82162162162162,0.05945945945945946,300
256,1,SGD,0.001,0,0,1,4.005991321963233,92.7081081081081,0.0,147
256,1,SGD,0.001,1,0,1,3.125482108141925,102.8108108108108,0.0,153
128,1,SGD,0.0001,0,0,1,3.5160127046945933,387.71351351351353,0.0,39
512,1,Adam,0.01,0.1,-1,1,5.619470330186792,13.349248421371511,0.0918918918918919,317
256,1,SGD,0.0001,0.1,0,1,3.262764030533868,349.2162162162162,0.0,162
256,1,Adam,1e-05,10,-1,1,3.9648854336223085,31.69181672434348,0.0,239
128,1,Adam,0.1,10,-1,1,4.098599299869022,76.24419287553363,0.016216216216216217,71
256,1,Adam,0.0001,10,-0.5,0.5,3.426733892028396,34.150882864331926,0.0,226
512,1,SGD,0.01,0,-1,1,2.236831199800646,18.283138171730368,0.9513513513513514,254
1024,1,Adam,1e-05,1,-0.5,0.5,3.29901395810617,87.74548669763513,0.005405405405405406,475
1024,1,SGD,0.001,1,-1,1,5.215721503463952,58.79161010175138,0.005405405405405406,392
1024,1,Adam,0.01,0.1,0,1,5.407826529322444,137.2054054054054,0.010810810810810811,438
512,1,Adam,1e-05,10,-1,1,4.068312899486439,16.36335753927989,0.07567567567567568,359
1024,1,SGD,0.001,0,-1,1,2.624789232821078,67.97053443161217,0.6378378378378379,386
128,1,Adam,0.001,0.1,0,1,4.072812959632358,221.74054054054054,0.032432432432432434,90
512,1,Adam,0.1,10,-0.5,0.5,3.7010539232073603,18.117209224937785,0.05945945945945946,310
1024,1,SGD,1e-05,0.1,0,1,3.2261012702374843,53.77837837837838,0.0,414
1024,1,Adam,0.1,10,-1,1,3.9081866699296075,48.74594594594595,0.04864864864864865,431
1024,1,Adam,0.1,1,-1,1,3.6851771296681584,50.285066511824326,0.010810810810810811,428
256,1,Adam,0.1,10,0,1,3.666714527155902,50.21621621621622,0.016216216216216217,192
256,1,Adam,1e-05,0.1,0,1,4.710079898060979,155.25945945945946,0.005405405405405406,234
256,1,Adam,0.01,10,-1,1,3.2655671793061334,25.789369495008202,0.005405405405405406,203
128,1,Adam,0.0001,0,-1,1,3.2772535008353154,65.05225892246676,0.2648648648648649,98
1024,1,Adam,0.001,0,-0.5,0.5,2.6229395260681976,81.31891891891892,0.8702702702702703,445
256,1,Adam,0.01,0,-1,1,5.056089643529943,18.454633199285112,0.03783783783783784,194
2048,1,SGD,0.1,10,-0.5,0.5,3.5210578357851183,247.91351351351352,0.032432432432432434,490
256,1,Adam,0.0001,10,-1,1,3.0955928705834053,29.388058040713986,0.0,227
256,1,Adam,1e-05,0,-1,1,3.5969535859855446,26.390580386069377,0.0972972972972973,230
1024,1,Adam,0.01,10,-1,1,3.1892354742900744,65.0852639836234,0.021621621621621623,443
128,1,Adam,0.0001,0,-0.5,0.5,4.549800862814929,115.77003885053989,0.0918918918918919,97
128,1,SGD,1e-05,0.1,0,1,3.556543157873927,153.46939021203718,0.10810810810810811,54
256,1,SGD,1e-05,0.1,-1,1,4.215874428684647,23.939953744733657,0.005405405405405406,173
128,1,Adam,0.01,1,-1,1,3.793777488373421,34.36773930305766,0.016216216216216217,80
512,1,SGD,0.01,1,-1,1,4.7893829133059524,18.143265650642885,0.005405405405405406,260
512,1,Adam,0.1,1,0,1,4.451109621331498,97.58918918918918,0.016216216216216217,309
256,1,Adam,0.1,0,-1,1,3.5015874450271194,31.86609590204069,0.0918918918918919,182
256,1,Adam,1e-05,10,0,1,3.4838133467210306,113.6108108108108,0.010810810810810811,240
256,1,SGD,1e-05,0.1,-0.5,0.5,3.669716495436591,20.381236499089848,0.032432432432432434,172
512,1,SGD,1e-05,0,0,1,5.107988556011303,327.63243243243244,0.04864864864864865,291
256,1,SGD,0.01,0,-0.5,0.5,2.968696433789021,26.511589248991584,0.6648648648648648,133
128,1,Adam,1e-05,0.1,-1,1,5.754768801379848,86.76606371211693,0.06486486486486487,113
128,1,Adam,0.01,0,-1,1,5.240993525208654,39.639856486018694,0.0918918918918919,74
256,1,SGD,0.01,1,-0.5,0.5,4.891798893181053,28.26280511003019,0.005405405405405406,139
512,1,SGD,0.0001,10,0,1,5.47159403659202,132.0810810810811,0.005405405405405406,288
256,1,SGD,0.0001,10,0,1,5.394180060077358,68.85405405405406,0.005405405405405406,168
512,1,SGD,1e-05,10,-1,1,3.5087530010455366,193.98433843688485,0.032432432432432434,299
256,1,SGD,0.001,0.1,-0.5,0.5,4.638739372588493,24.650282442603714,0.06486486486486487,148
512,1,SGD,1e-05,10,-0.5,0.5,3.5455138280585006,25.985606801257518,0.032432432432432434,298
256,1,SGD,0.001,1,-1,1,4.777972660193572,22.465191737512075,0.005405405405405406,152
512,1,Adam,0.001,1,0,1,5.234456230498649,45.42702702702703,0.010810810810810811,333
256,1,Adam,0.1,0,0,1,3.634547911785744,153.57297297297296,0.0972972972972973,183
512,1,SGD,0.001,0.1,0,1,4.7719318969829665,119.6,0.005405405405405406,270
512,1,SGD,0.0001,0,0,1,3.4418600997409303,38.924324324324324,0.0,279
256,1,Adam,0.001,0,-0.5,0.5,3.98773686853615,33.640502525221656,0.9243243243243243,205
512,1,SGD,0.001,0,-1,1,3.4839542878640666,20.741695990100048,0.2648648648648649,266
2048,1,SGD,0.01,1,0,1,3.329468013144828,105.86486486486487,0.005405405405405406,501
512,1,SGD,0.0001,10,-0.5,0.5,3.675698387622833,16.161991962956616,0.0,286
128,1,SGD,1e-05,0,-0.5,0.5,4.960879082615311,68.08173810221896,0.02702702702702703,49
128,1,Adam,0.1,1,-1,1,3.795890103159724,76.57743089205485,0.010810810810810811,68
512,1,SGD,0.01,0.1,-1,1,3.9246717994277542,24.076067038887256,0.08648648648648649,257
1024,1,Adam,0.1,1,-0.5,0.5,3.287580788779903,88.24266794565561,0.08108108108108109,427
1024,1,Adam,1e-05,0.1,0,1,5.15125375535037,100.68648648648649,0.005405405405405406,474
256,1,SGD,0.001,0.1,0,1,4.6399347814353735,216.11891891891892,0.005405405405405406,150
1024,1,Adam,0.001,1,0,1,3.9350694888346904,219.52972972972972,0.06486486486486487,453
512,1,Adam,0.1,0.1,0,1,4.333129503598085,49.454054054054055,0.0,306
512,1,SGD,0.001,0.1,-0.5,0.5,3.7334366063813906,18.945107596196436,0.0972972972972973,268
256,1,SGD,0.1,0,-1,1,2.4619096659325264,27.38205913285901,0.8162162162162162,122
256,1,Adam,0.1,0.1,-0.5,0.5,5.039622650919734,40.36287928071578,0.005405405405405406,184
2048,1,SGD,0.01,1,-1,1,5.206147689754898,273.0054054054054,0.005405405405405406,500
1024,1,Adam,1e-05,10,-1,1,4.555863627227577,121.90310663145942,0.005405405405405406,479
1024,1,Adam,1e-05,10,0,1,3.8149103654397503,224.05945945945945,0.0,480
1024,1,Adam,1e-05,1,-1,1,3.4560956271919046,77.95926819363156,0.010810810810810811,476
256,1,SGD,0.001,1,-0.5,0.5,5.074039359350462,40.95187721536621,0.005405405405405406,151
256,1,SGD,0.0001,0.1,-0.5,0.5,3.4688432364850432,27.43418700469507,0.05945945945945946,160
256,1,SGD,0.0001,0,-1,1,4.02240764869226,21.999944278199504,0.03783783783783784,158
2048,1,SGD,0.1,10,-1,1,5.672118480141099,269.61621621621623,0.16756756756756758,491
512,1,SGD,0.1,1,-1,1,3.6622214865040137,66.47196588561984,0.010810810810810811,248
1024,1,Adam,0.0001,1,-1,1,3.9988644699792606,60.8793962014688,0.0,464
1024,1,SGD,0.0001,0,-1,1,3.299231758955363,101.24324324324324,0.11351351351351352,398
2048,1,SGD,0.1,1,0,1,3.690473047784857,94.34594594594594,0.005405405405405406,489
256,1,SGD,0.0001,0.1,-1,1,5.326696227692269,25.777831483144013,0.07027027027027027,161
512,1,Adam,0.01,1,-0.5,0.5,3.6543685094730276,17.29549767455725,0.06486486486486487,319
1024,1,SGD,1e-05,1,-1,1,3.9369790921340115,91.66164748733108,0.05945945945945946,416
128,1,SGD,0.0001,0.1,-0.5,0.5,3.459542488085257,49.97850201427055,0.05945945945945946,40
512,1,SGD,0.01,0.1,0,1,3.5786790461153597,140.82162162162163,0.0,258
1024,1,Adam,0.001,0,-1,1,2.7252713345192574,90.00844599749591,0.8378378378378378,446
256,1,Adam,0.01,1,-0.5,0.5,3.664410140385499,36.580598260266584,0.005405405405405406,199
128,1,SGD,0.1,0,-0.5,0.5,4.955981843858152,46.495299488329955,0.05405405405405406,1
256,1,SGD,0.1,1,0,1,3.898366966440871,46.09189189189189,0.05945945945945946,129
1024,1,Adam,0.01,1,0,1,3.789952164082914,71.2054054054054,0.005405405405405406,441
128,1,SGD,1e-05,0.1,-0.5,0.5,3.578624526874439,93.43137789541679,0.05405405405405406,52
1024,1,Adam,0.001,0.1,0,1,3.9642133487237468,221.47027027027028,0.05405405405405406,450
512,1,Adam,0.001,0,0,1,5.130173861013876,137.27567567567567,0.07567567567567568,327
1024,1,SGD,0.01,10,-0.5,0.5,3.8677801331958257,58.4,0.010810810810810811,382
1024,1,Adam,0.0001,0.1,-0.5,0.5,3.7263330195401165,52.13944681528452,0.12972972972972974,460
128,1,SGD,1e-05,10,0,1,3.2605180714581463,53.74594594594595,0.05405405405405406,60
256,1,Adam,0.1,0.1,-1,1,3.8365002561259915,28.572845439051555,0.07027027027027027,185
128,1,Adam,0.0001,0.1,0,1,3.7582842388668576,186.69189189189188,0.0,102
1024,1,SGD,1e-05,10,-0.5,0.5,3.7310613261686787,53.402307458826016,0.032432432432432434,418
1024,1,SGD,0.0001,0,-0.5,0.5,3.7726596619631794,70.42492081925676,0.12972972972972974,397
2048,1,SGD,0.1,10,0,1,3.540912583711985,47.8972972972973,0.06486486486486487,492
128,1,Adam,0.1,1,-0.5,0.5,3.843832220902314,65.05502151045005,0.03783783783783784,67
1024,1,Adam,0.001,1,-0.5,0.5,3.443131578612972,80.67779799796439,0.0,451
128,1,Adam,0.0001,0.1,-0.5,0.5,3.244355829664179,70.66677431379621,0.05405405405405406,100
128,1,SGD,0.1,10,0,1,2.909526086175764,206.33670054061992,0.10810810810810811,12
2048,1,SGD,0.1,1,-0.5,0.5,3.986235834456779,136.54594594594596,0.016216216216216217,487
1024,1,SGD,0.0001,10,0,1,4.581828112859983,308.4054054054054,0.005405405405405406,408
128,1,Adam,0.1,0,0,1,3.8448851656269385,46.52119445113113,0.08648648648648649,63
512,1,SGD,0.1,1,-0.5,0.5,4.952930191078702,104.87385718301945,0.016216216216216217,247
128,1,SGD,0.01,0.1,-1,1,3.463498330116272,107.11877542735216,0.010810810810810811,17
256,1,SGD,0.1,1,-1,1,5.168371659356194,36.18490808364916,0.04864864864864865,128
128,1,Adam,0.001,0.1,-0.5,0.5,3.3961632019764667,100.39898218226091,0.06486486486486487,88
256,1,Adam,0.001,0,-1,1,2.7944815413371935,27.30258322814228,0.918918918918919,206
256,1,SGD,0.01,10,-0.5,0.5,3.5925484666953214,34.07064878360142,0.06486486486486487,142
256,1,Adam,0.001,0.1,-1,1,3.722669250900681,28.741483786631676,0.06486486486486487,209
512,1,SGD,0.0001,0.1,-1,1,3.312384363767263,15.528865107621312,0.04864864864864865,281
128,1,SGD,0.01,0.1,0,1,3.5820434705631152,227.1891891891892,0.0,18
256,1,Adam,1e-05,1,0,1,4.002651438197574,186.3189189189189,0.0,237
128,1,Adam,0.001,10,-1,1,3.533843358142956,60.83551757569752,0.005405405405405406,95
1024,1,Adam,0.01,1,-1,1,3.539667835428908,94.93044499577702,0.03783783783783784,440
128,1,SGD,1e-05,1,0,1,3.978690502450273,195.61458919885996,0.05945945945945946,57
128,1,SGD,0.01,10,-1,1,3.7425220454061354,90.09094900390184,0.005405405405405406,23
2048,1,SGD,0.01,0.1,0,1,3.5715814435804214,109.67567567567568,0.0,498
1024,1,SGD,0.1,1,0,1,4.425533728341798,136.54054054054055,0.03783783783783784,369
256,1,SGD,0.01,1,-1,1,3.534113619778607,35.93846929017706,0.005405405405405406,140
1024,1,Adam,0.01,10,0,1,3.019168705553622,45.8972972972973,0.0918918918918919,444
2048,1,SGD,0.1,0.1,-0.5,0.5,5.357671070098877,301.0,0.005405405405405406,484
256,1,SGD,0.0001,1,0,1,3.6825055534775193,108.06486486486486,0.0,165
1024,1,Adam,1e-05,0,-0.5,0.5,3.1392545806395042,40.271305300899456,0.6972972972972973,469
128,1,SGD,1e-05,0,-1,1,3.3087213545232204,33.283659306785246,0.10270270270270271,50
128,1,Adam,0.0001,10,0,1,3.9705801918699937,149.11891891891892,0.0,108
1024,1,Adam,0.0001,0,-0.5,0.5,2.083248701933268,228.60569268303948,0.9783783783783784,457
1024,1,Adam,0.0001,0,-1,1,2.7393933979240623,79.81763078844224,0.9783783783783784,458
512,1,SGD,1e-05,0,-0.5,0.5,3.4400715125573647,20.216248561711225,0.02702702702702703,289
256,1,SGD,0.1,0.1,-0.5,0.5,3.733536407754228,39.77802263506573,0.016216216216216217,124
128,1,SGD,0.0001,0.1,0,1,5.291802845130095,159.38918918918918,0.005405405405405406,42
128,1,Adam,0.0001,10,-1,1,4.828308866152892,87.54609297083036,0.016216216216216217,107
128,1,SGD,0.001,0.1,-0.5,0.5,4.671711102047482,114.19668520355543,0.021621621621621623,28
2048,1,SGD,0.1,0,-0.5,0.5,2.9150680825516986,276.46486486486486,0.3837837837837838,481
512,1,Adam,1e-05,0,-1,1,3.2875029064513543,19.44199476213937,0.24864864864864866,350
256,1,Adam,0.0001,1,-0.5,0.5,4.985168552398681,32.0833429916636,0.005405405405405406,223
128,1,SGD,1e-05,1,-1,1,3.3262777331713083,70.38199646136648,0.043243243243243246,56
256,1,Adam,0.0001,1,-1,1,3.8936521758904328,30.78298723858451,0.0,224
128,1,SGD,0.001,10,-0.5,0.5,3.6490355043797877,157.9544223642908,0.010810810810810811,34
256,1,SGD,1e-05,10,0,1,3.470842041840424,184.57297297297296,0.0,180
2048,1,SGD,0.01,0.1,-0.5,0.5,3.3381679064518694,225.7945945945946,0.12972972972972974,496
1024,1,SGD,0.01,10,-1,1,3.3016474324303706,255.08089104729729,0.005405405405405406,383
512,1,SGD,0.01,1,-0.5,0.5,3.2955382302000715,196.3636103766744,0.010810810810810811,259
256,1,Adam,0.001,10,-0.5,0.5,3.5262559839197105,32.72426930055513,0.07027027027027027,214
256,1,Adam,1e-05,1,-0.5,0.5,5.06346532170837,34.612517401235685,0.032432432432432434,235
1024,1,SGD,0.1,0,-1,1,2.728720922083468,88.65745171211861,0.9243243243243243,362
256,1,SGD,0.01,0.1,-1,1,4.086397584708961,38.67423246973068,0.021621621621621623,137
512,1,Adam,0.0001,0,-1,1,4.038193651469978,13.94766381788445,0.9621621621621622,338
1024,1,SGD,0.01,0,-1,1,2.885322965802373,259.4960325911238,0.9783783783783784,374
2048,1,SGD,0.1,0.1,0,1,3.770610094714809,307.2918918918919,0.0,486
512,1,Adam,0.0001,10,0,1,5.460375687238332,136.1891891891892,0.02702702702702703,348
1024,1,Adam,0.001,0.1,-1,1,3.146887498288541,147.63083483721758,0.03783783783783784,449
128,1,SGD,0.01,1,-0.5,0.5,3.8936709803503913,88.66289384564183,0.0,19
512,1,Adam,0.001,0,-0.5,0.5,2.5459178131979865,15.062263686823812,0.9459459459459459,325
256,1,SGD,0.001,10,0,1,3.68009902335502,75.16756756756757,0.04864864864864865,156
128,1,SGD,1e-05,1,-0.5,0.5,3.4101208065007182,81.19527026037693,0.06486486486486487,55
256,1,SGD,0.001,0,-0.5,0.5,4.624703864471332,31.549018985748596,0.10270270270270271,145
512,1,SGD,0.01,10,0,1,3.5761948669278945,51.054054054054056,0.0,264
128,1,Adam,0.001,1,0,1,4.71442681389886,32.811154846887334,0.0,93
256,1,SGD,0.01,1,0,1,5.519010605038823,141.87567567567567,0.07027027027027027,141
256,1,Adam,0.0001,1,0,1,3.5328850001902192,158.75675675675674,0.0,225
1024,1,SGD,0.1,0.1,-0.5,0.5,3.343905426038278,50.01978001550935,0.010810810810810811,364
256,1,SGD,1e-05,1,0,1,3.7264901483381117,42.394594594594594,0.05945945945945946,177
1024,1,SGD,1e-05,0,-0.5,0.5,4.843548994128769,105.50027185388514,0.08648648648648649,409
256,1,Adam,1e-05,10,-0.5,0.5,3.8990148576530252,39.98040080432453,0.0,238
512,1,SGD,0.001,0,-0.5,0.5,4.360013374766788,17.751868751785928,0.25405405405405407,265
1024,1,SGD,0.001,0.1,-0.5,0.5,3.657761169124294,107.36404946816934,0.16756756756756758,388
256,1,Adam,0.01,0.1,0,1,3.830951714515686,250.92972972972973,0.04864864864864865,198
512,1,Adam,0.1,0,-0.5,0.5,4.806918365246541,14.38691852764302,0.12972972972972974,301
128,1,SGD,0.0001,10,-1,1,4.757165808291049,42.10857629641777,0.005405405405405406,47
1024,1,SGD,0.0001,0,0,1,4.025002505972579,44.35675675675676,0.0,399
1024,1,Adam,0.001,10,-0.5,0.5,4.849581341163532,118.26938608530405,0.010810810810810811,454
1024,1,SGD,0.1,10,-0.5,0.5,5.396863105812589,58.25085383234797,0.04864864864864865,370
2048,1,SGD,0.1,1,-1,1,3.294424277382928,313.4054054054054,0.04864864864864865,488
128,1,SGD,0.1,10,-1,1,3.954707841615419,105.55823494356277,0.0972972972972973,11
256,1,SGD,0.001,0,-1,1,4.264532421086286,24.504613761266544,0.1945945945945946,146
256,1,Adam,0.1,10,-1,1,3.8087209340688344,30.493202398959045,0.05945945945945946,191
2048,1,SGD,0.01,0,0,1,3.6080252354209486,55.87027027027027,0.0,495
128,1,SGD,0.1,0.1,0,1,3.950457138628573,214.25405405405405,0.016216216216216217,6
512,1,Adam,0.1,0,-1,1,5.211324847066725,17.213347561054587,0.02702702702702703,302
128,1,Adam,0.001,1,-1,1,3.729205310666883,118.25409719263816,0.04864864864864865,92
128,1,SGD,0.1,10,-0.5,0.5,3.3511284361014493,102.57119911149447,0.20540540540540542,10
256,1,SGD,0.0001,10,-1,1,4.799107428176983,23.850116640550866,0.005405405405405406,167
128,1,Adam,0.0001,10,-0.5,0.5,5.501840090107273,36.04247381208414,0.02702702702702703,106
256,1,SGD,1e-05,1,-1,1,3.515745862110241,34.16071775300881,0.0918918918918919,176
128,1,SGD,0.001,0,-1,1,3.0522878224785264,99.72579462393816,0.04864864864864865,26
1024,1,Adam,1e-05,0,0,1,4.961869899002282,163.9837837837838,0.005405405405405406,471
512,1,Adam,0.1,1,-0.5,0.5,4.470368245163479,21.924166114137797,0.08648648648648649,307
512,1,Adam,0.001,0.1,-0.5,0.5,3.732150858479577,16.546267464520675,0.02702702702702703,328
128,1,SGD,0.01,10,-0.5,0.5,3.893118865103335,205.25475031798956,0.005405405405405406,22
128,1,SGD,0.0001,0.1,-1,1,5.591335096874753,46.46627308481524,0.07567567567567568,41
512,1,Adam,0.0001,10,-0.5,0.5,3.325830066204071,22.811427030080612,0.0,346
128,1,Adam,0.001,0.1,-1,1,3.67421061670458,34.97576341027948,0.04864864864864865,89
512,1,Adam,1e-05,0,0,1,4.779911741694889,163.1891891891892,0.005405405405405406,351
512,1,SGD,0.01,0.1,-0.5,0.5,3.8952084270683494,23.314356183973015,0.07027027027027027,256
512,1,SGD,1e-05,1,0,1,5.189964730352969,313.1459459459459,0.05405405405405406,297
256,1,Adam,0.0001,0,-0.5,0.5,2.845801347333032,29.25121647192014,0.5675675675675675,217
512,1,SGD,1e-05,0.1,0,1,3.712018450208612,306.2,0.0,294
256,1,Adam,1e-05,1,-1,1,5.288665623600418,21.252438508553237,0.016216216216216217,236
512,1,SGD,0.1,10,-1,1,3.865986618480167,20.138449882877033,0.17297297297297298,251
1024,1,SGD,0.01,0.1,-0.5,0.5,3.3384137127850506,47.36373346689585,0.08108108108108109,376
512,1,Adam,0.0001,0,-0.5,0.5,2.920435007842811,14.597701942269703,0.9783783783783784,337
128,1,SGD,0.0001,1,-0.5,0.5,5.28738025845708,113.75788994256683,0.07567567567567568,43
512,1,Adam,0.001,0.1,-1,1,4.907014960533864,21.51472058996961,0.016216216216216217,329
512,1,Adam,0.01,10,-0.5,0.5,5.356610023975373,23.18543122370501,0.005405405405405406,322
512,1,SGD,0.0001,1,-1,1,4.215297878110731,24.892118386197794,0.010810810810810811,284
512,1,SGD,0.01,0,-0.5,0.5,2.6472562255086127,14.417061969320718,0.9621621621621622,253
128,1,Adam,0.01,0.1,0,1,3.6224271729185773,55.902702702702705,0.0,78
128,1,Adam,1e-05,10,-0.5,0.5,5.304970074666513,29.53749058346131,0.010810810810810811,118
1024,1,Adam,1e-05,10,-0.5,0.5,5.168198185353666,99.38829260838999,0.005405405405405406,478
1024,1,SGD,0.0001,10,-1,1,4.746783638000489,65.8037464285219,0.005405405405405406,407
128,1,Adam,0.1,0.1,0,1,3.6351656037407953,25.050985913018923,0.010810810810810811,66
1024,1,Adam,0.001,10,-1,1,3.8522581696510314,71.48773079949456,0.016216216216216217,455
1024,1,SGD,0.0001,0.1,-0.5,0.5,3.310550524737384,44.1669948371681,0.11351351351351352,400
128,1,SGD,0.1,0,0,1,3.431045105006244,22.187767423165813,0.0,3
256,1,Adam,1e-05,0.1,-1,1,3.9679180866963155,30.749108831878008,0.07567567567567568,233
512,1,SGD,0.01,0,0,1,3.388320972790589,68.91891891891892,0.0,255
512,1,SGD,0.01,1,0,1,5.116607830975507,243.4756756756757,0.005405405405405406,261
512,1,SGD,0.0001,1,-0.5,0.5,5.4800435275644865,17.036220547835644,0.10270270270270271,283
256,1,SGD,1e-05,10,-1,1,4.176974416745676,21.99344247421895,0.07567567567567568,179
1024,1,SGD,1e-05,1,-0.5,0.5,5.0873365518209095,49.50936840965941,0.03783783783783784,415
256,1,Adam,0.001,1,-0.5,0.5,4.696885195938316,27.93764714443603,0.005405405405405406,211
256,1,SGD,0.01,0.1,-0.5,0.5,3.6289874263711877,26.47750804627163,0.0,136
128,1,SGD,0.1,0,-1,1,2.5322596839956337,123.75435443661628,0.6432432432432432,2
256,1,Adam,0.001,0,0,1,5.32256511675345,231.26486486486488,0.043243243243243246,207
256,1,SGD,1e-05,0,0,1,3.9150727719873997,256.4108108108108,0.016216216216216217,171
1024,1,SGD,1e-05,0,0,1,3.2285159932600487,50.58378378378379,0.0,411
1024,1,SGD,0.1,0,-0.5,0.5,2.860977843967644,45.89132739917652,0.8756756756756757,361
128,1,SGD,0.1,0.1,-0.5,0.5,4.1490953606528205,37.35355813339049,0.005405405405405406,4
512,1,Adam,0.1,0,0,1,3.038386837534002,122.45405405405405,0.04864864864864865,303
128,1,Adam,0.1,0.1,-1,1,5.31014901335175,83.14741393139002,0.005405405405405406,65
1024,1,SGD,0.1,10,-1,1,3.1531871901976096,92.83395006334459,0.043243243243243246,371
1024,1,Adam,0.1,0,-0.5,0.5,3.2842790745400094,80.80500191353462,0.1783783783783784,421
512,1,SGD,0.1,0.1,0,1,5.305948608630413,221.5891891891892,0.021621621621621623,246
128,1,SGD,1e-05,0,0,1,3.6892840308112067,163.7264533139564,0.043243243243243246,51
128,1,SGD,0.001,0,0,1,3.273119225373139,110.58609331471695,0.0,27
512,1,Adam,0.001,0.1,0,1,5.210319318642488,304.5135135135135,0.12972972972972974,330
128,1,Adam,0.001,0,-0.5,0.5,3.729595526811239,107.41327435581539,0.6972972972972973,85
512,1,Adam,0.001,0,-1,1,3.9196160422789084,13.347474576933864,0.9567567567567568,326
1024,1,Adam,1e-05,1,0,1,4.067641433831808,67.87567567567568,0.0,477
128,1,SGD,0.001,10,0,1,3.7457386032955067,138.91351351351352,0.0,36
1024,1,SGD,1e-05,10,0,1,3.2875503494932845,71.24324324324324,0.0,420
1024,1,SGD,1e-05,0,-1,1,3.772021549134641,63.89726974126455,0.016216216216216217,410
1024,1,Adam,0.1,10,0,1,3.3470408565289267,149.27567567567567,0.010810810810810811,432
128,1,Adam,0.01,0.1,-1,1,5.430184152641812,29.8464303066803,0.016216216216216217,77
512,1,SGD,1e-05,0,-1,1,4.991538571344839,16.675214751867728,0.021621621621621623,290
128,1,SGD,1e-05,0.1,-1,1,3.489529123821774,34.01607647417679,0.05945945945945946,53
128,1,Adam,1e-05,1,-0.5,0.5,3.3555158834199648,70.28236204960126,0.0,115
128,1,Adam,0.01,1,0,1,4.629828740455009,101.19459459459459,0.05945945945945946,81
512,1,SGD,0.0001,1,0,1,3.7436658086003485,96.5027027027027,0.0,285
512,1,Adam,1e-05,0.1,-0.5,0.5,4.7981312661557585,25.013297320930036,0.16756756756756758,352
512,1,Adam,0.001,10,0,1,3.942182198730675,50.545945945945945,0.0,336
512,1,SGD,0.001,10,-1,1,3.265639502615542,18.760418719030614,0.010810810810810811,275
1024,1,Adam,0.01,0.1,-0.5,0.5,4.090458111183064,63.37660835884713,0.0918918918918919,436
256,1,Adam,1e-05,0,-0.5,0.5,3.4384526996999174,26.998092014049934,0.12972972972972974,229
1024,1,Adam,0.01,0,-0.5,0.5,3.3887284394857047,66.09849324935192,0.05405405405405406,433
1024,1,Adam,0.1,10,-0.5,0.5,3.791322982633436,44.972972972972975,0.07027027027027027,430
512,1,Adam,0.1,10,0,1,3.852127601327123,120.68108108108108,0.14594594594594595,312
256,1,SGD,0.1,0,0,1,3.5863957888371236,315.0918918918919,0.0,123
128,1,SGD,0.01,0.1,-0.5,0.5,2.993821546515903,127.61508342529068,0.03783783783783784,16
1024,1,Adam,0.0001,0.1,-1,1,3.258898014635653,62.536613175675676,0.0918918918918919,461
512,1,SGD,0.1,10,-0.5,0.5,3.4629850439123206,21.44074628981384,0.02702702702702703,250
256,1,SGD,0.1,0.1,0,1,3.7217649111876616,317.2972972972973,0.0,126
256,1,Adam,0.0001,0.1,-0.5,0.5,3.9795826080683114,28.425329225503123,0.06486486486486487,220
512,1,SGD,0.001,10,0,1,5.671225106393969,49.07027027027027,0.021621621621621623,276
128,1,Adam,0.01,10,0,1,3.705438397703944,40.03641228965811,0.005405405405405406,84
128,1,Adam,0.0001,1,0,1,4.381886379138844,66.37297297297297,0.016216216216216217,105
256,1,Adam,0.1,0,-0.5,0.5,3.51025121405318,26.584316465570716,0.010810810810810811,181
128,1,Adam,1e-05,0.1,-0.5,0.5,3.628734222296122,60.90047379687831,0.032432432432432434,112
256,1,SGD,1e-05,0.1,0,1,3.525729203224182,89.78918918918919,0.05945945945945946,174
1024,1,SGD,0.01,10,0,1,3.359742768712946,284.5567567567568,0.016216216216216217,384
128,1,Adam,0.1,1,0,1,5.158594703029942,131.66554470984516,0.08648648648648649,69
128,1,Adam,0.1,0.1,-0.5,0.5,3.740145470967164,116.05174955648427,0.06486486486486487,64
256,1,SGD,0.1,10,0,1,4.37839492559433,161.7945945945946,0.06486486486486487,132
256,1,Adam,0.001,0.1,0,1,4.112825795122095,92.90810810810811,0.010810810810810811,210
128,1,Adam,0.0001,1,-1,1,4.49402402284983,154.4589988422618,0.05405405405405406,104
128,1,Adam,0.001,0,0,1,3.571399821139671,134.38918918918918,0.07027027027027027,87
512,1,Adam,1e-05,1,0,1,2.9471346735954285,168.8864864864865,0.0,357
128,1,SGD,0.001,1,-0.5,0.5,3.867499582509737,104.90048778895792,0.0,31
512,1,SGD,1e-05,0.1,-1,1,3.266740520902582,19.361358963010982,0.05945945945945946,293
1024,1,SGD,0.01,0.1,0,1,3.9165738643826664,321.227027027027,0.0,378
2048,1,SGD,0.1,0,0,1,5.218766598443727,48.57297297297297,0.010810810810810811,483
512,1,Adam,0.01,0,-1,1,3.199392231090649,20.810399007096866,0.05945945945945946,314
256,1,SGD,0.001,10,-0.5,0.5,3.4929891028919737,40.9143088859937,0.016216216216216217,154
1024,1,SGD,0.001,10,0,1,3.6410143504271635,343.3945945945946,0.0,396
1024,1,SGD,0.0001,10,-0.5,0.5,5.043901140625413,81.65070640460866,0.005405405405405406,406
512,1,Adam,1e-05,1,-1,1,3.509107173455728,27.0844900712902,0.043243243243243246,356
128,1,SGD,0.001,1,0,1,4.613910261360375,54.086486486486486,0.005405405405405406,33
128,1,Adam,0.01,10,-0.5,0.5,3.8766672646677174,144.39534920352335,0.016216216216216217,82
1024,1,Adam,0.1,1,0,1,4.258750412915204,55.01081081081081,0.043243243243243246,429
512,1,Adam,0.0001,1,-0.5,0.5,3.4291660830781265,15.510340726533606,0.0,343
1024,1,Adam,0.001,0,0,1,5.080697443034198,310.1675675675676,0.005405405405405406,447
128,1,SGD,0.01,0,-1,1,2.8596508444966497,33.0763221956865,0.35135135135135137,14
512,1,Adam,1e-05,10,-0.5,0.5,3.2089739979924383,15.998160474009913,0.04864864864864865,358
128,1,Adam,0.01,1,-0.5,0.5,3.912310067705206,32.536024619614494,0.05405405405405406,79
512,1,SGD,0.01,10,-0.5,0.5,3.5518022572672043,14.673309465025778,0.005405405405405406,262
512,1,SGD,0.1,0,0,1,3.473415818729916,221.12432432432433,0.0,243
256,1,Adam,0.0001,0.1,-1,1,3.124981772899628,25.97458552866954,0.04864864864864865,221
128,1,SGD,0.001,0.1,0,1,3.320848700806901,138.1891891891892,0.0,30
1024,1,SGD,0.0001,0.1,-1,1,2.9094103635968387,79.49365456555341,0.10270270270270271,401
1024,1,Adam,0.01,10,-0.5,0.5,3.6655265347377672,112.5288665578172,0.0,442
256,1,Adam,0.01,1,-1,1,3.86170929187053,28.845358943163944,0.005405405405405406,200
1024,1,SGD,0.001,10,-0.5,0.5,3.290032375825418,71.7398562987914,0.0,394
512,1,Adam,0.0001,10,-1,1,3.718897000519005,21.422736106235163,0.016216216216216217,347
512,1,SGD,1e-05,1,-1,1,3.8590375816499867,16.709702898657603,0.016216216216216217,296
512,1,Adam,1e-05,10,0,1,5.209825914937096,222.61081081081082,0.005405405405405406,360
1024,1,SGD,0.01,0.1,-1,1,4.381402889780096,118.50278188344595,0.10270270270270271,377
256,1,SGD,1e-05,0,-1,1,3.6065356612205504,27.534630758398862,0.07027027027027027,170
256,1,SGD,0.1,10,-1,1,3.8707465539107453,32.61364328069743,0.06486486486486487,131
512,1,SGD,0.0001,0,-0.5,0.5,3.686994637991931,18.177474731296723,0.07027027027027027,277
1024,1,Adam,0.001,0.1,-0.5,0.5,3.6053007786338394,159.21644046371048,0.032432432432432434,448
